{
    "crystal": {
        "atom_mass": [
            92.90637997879716
        ],
        "atom_mass_unit": "unified_atomic_mass_unit",
        "atom_r": [
            [
                0.0,
                0.0,
                0.0
            ]
        ],
        "atom_type": [
            "Nb"
        ],
        "cell_vectors": [
            [
                -1.6299000010476428,
                1.6299000010476428,
                1.6299000010476428
            ],
            [
                1.6299000010476428,
                -1.6299000010476428,
                1.6299000010476428
            ],
            [
                1.6299000010476428,
                1.6299000010476428,
                -1.6299000010476428
            ]
        ],
        "cell_vectors_unit": "angstrom",
        "n_atoms": 1
    },
    "frequencies": [
        [
            13.59114342398396,
            15.865759988025289,
            24.033979758022184
        ],
        [
            12.815490492594552,
            15.262367421189007,
            23.432734526264802
        ],
        [
            12.041526278303243,
            14.571939731467557,
            22.762191879443414
        ],
        [
            11.273092078894646,
            13.810597157162533,
            22.02473710453026
        ],
        [
            10.512993486501934,
            12.996865305337947,
            21.2195682834005
        ],
        [
            9.762865852965458,
            12.149029739509421,
            20.344188386712297
        ],
        [
            9.023472688576186,
            11.282921208271054,
            19.395822309937486
        ],
        [
            8.295288930924448,
            10.410588996826224,
            18.372469738498413
        ],
        [
            7.579100336748378,
            9.54000699289085,
            17.273544227814785
        ],
        [
            6.876337442463588,
            8.675670984201677,
            16.10018582918542
        ],
        [
            6.188963583131837,
            7.819743268754799,
            14.855363641510868
        ],
        [
            5.518914196610173,
            6.973321067187386,
            13.543845066650416
        ],
        [
            4.867276237150805,
            6.137460067800455,
            12.172046933820468
        ],
        [
            4.233532114964623,
            5.313734294556802,
            10.747741256514196
        ],
        [
            3.615211092636045,
            4.504282242705411,
            9.27959165137585
        ],
        [
            3.0081629931171725,
            3.711413340629338,
            7.77654601682533
        ],
        [
            2.4074264729291794,
            2.93691584235587,
            6.247179434548195
        ],
        [
            1.8084089332741655,
            2.1812485456966066,
            4.69912719738659
        ],
        [
            1.2079531820649927,
            1.4428431322479955,
            3.13874162027195
        ],
        [
            0.6049064854583177,
            0.7177734498136359,
            1.5710485965899366
        ],
        [
            -6.612213469490455e-06,
            -4.675562531678489e-06,
            -1.322979261308331e-08
        ],
        [
            0.6049064854583177,
            0.7177734498136359,
            1.5710485965899366
        ],
        [
            1.2079531820649927,
            1.4428431322479955,
            3.13874162027195
        ],
        [
            1.8084089332741655,
            2.1812485456966066,
            4.69912719738659
        ],
        [
            2.4074264729291794,
            2.93691584235587,
            6.247179434548195
        ],
        [
            3.0081629931171725,
            3.711413340629338,
            7.77654601682533
        ],
        [
            3.615211092636045,
            4.504282242705411,
            9.27959165137585
        ],
        [
            4.23353211496464,
            5.313734294556817,
            10.747741256514217
        ],
        [
            4.867276237150801,
            6.137460067800458,
            12.172046933820486
        ],
        [
            5.5189141966101865,
            6.97332106718741,
            13.54384506665043
        ],
        [
            6.188963583131859,
            7.81974326875482,
            14.855363641510886
        ],
        [
            6.8763374424635835,
            8.675670984201675,
            16.10018582918543
        ],
        [
            7.579100336748367,
            9.54000699289085,
            17.273544227814792
        ],
        [
            8.295288930924446,
            10.410588996826217,
            18.372469738498403
        ],
        [
            9.023472688576188,
            11.282921208271047,
            19.395822309937476
        ],
        [
            9.762865852965453,
            12.149029739509405,
            20.344188386712286
        ],
        [
            10.512993486501923,
            12.996865305337934,
            21.219568283400488
        ],
        [
            11.273092078894637,
            13.810597157162524,
            22.024737104530253
        ],
        [
            12.04152627830323,
            14.571939731467547,
            22.762191879443407
        ],
        [
            12.815490492594552,
            15.262367421189007,
            23.432734526264802
        ],
        [
            13.59114342398396,
            15.865759988025289,
            24.033979758022184
        ]
    ],
    "frequencies_unit": "millielectron_volt",
    "n_qpts": 41,