{
    "crystal": {
        "atom_mass": [
            92.90638000000001
        ],
        "atom_mass_unit": "unified_atomic_mass_unit",
        "atom_r": [
            [
                0.0,
                0.0,
                0.0
            ]
        ],
        "atom_type": [
            "Nb"
        ],
        "cell_vectors": [
            [
                -1.6299000000000001,
                1.6299000000000001,
                1.6299000000000001
            ],
            [
                1.6299000000000001,
                -1.6299000000000001,
                1.6299000000000001
            ],
            [
                1.6299000000000001,
                1.6299000000000001,
                -1.6299000000000001
            ]
        ],
        "cell_vectors_unit": "angstrom",
        "n_atoms": 1
    },
    "frequencies": [
        [
            13.591143244832079,
            15.865759828971537,
            24.033979667800196
        ],
        [
            12.815490412413673,
            15.262367294282864,
            23.43273441544419
        ],
        [
            12.041526120793732,
            14.571939588072867,
            22.762191790915697
        ],
        [
            11.273091896376506,
            13.810597011837624,
            22.024737002224178
        ],
        [
            10.51299337758834,
            12.996865160522823,
            21.21956824355837
        ],
        [
            9.762865668038174,
            12.149029595666002,
            20.344188349177628
        ],
        [
            9.023472510388352,
            11.282921115659892,
            19.39582218076842
        ],
        [
            8.295288764118876,
            10.410588876860835,
            18.37246962524162
        ],
        [
            7.579100117095218,
            9.54000679900686,
            17.27354411335444
        ],
        [
            6.876337222983097,
            8.675670797101553,
            16.100185679811478
        ],
        [
            6.188963371564703,
            7.8197430315813925,
            14.855363498196809
        ],
        [
            5.518913956177579,
            6.973320886586706,
            13.54384500890859
        ],
        [
            4.8672759462893875,
            6.137459839598757,
            12.172046766168329
        ],
        [
            4.2335317078716725,
            5.313733994000856,
            10.747741091407411
        ],
        [
            3.6152106078022532,
            4.504281829247579,
            9.279591504475553
        ],
        [
            3.0081623990227766,
            3.711412922987335,
            7.776545820989479
        ],
        [
            2.4074257298487405,
            2.9369152513457335,
            6.247179160065426
        ],
        [
            1.8084079776017832,
            2.1812478038253715,
            4.699126840595504
        ],
        [
            1.2079517606846029,
            1.4428419323476744,
            3.1387410690022413
        ],
        [
            0.6049037780833756,
            0.7177711813324599,
            1.5710475447691281
        ],
        [
            -0.0018190961594119152,
            -0.0018190961594119152,
            -0.0018190961594119152
        ],
        [
            0.6049037780833756,
            0.7177711813324599,
            1.5710475447691281
        ],
        [
            1.2079517606846029,
            1.4428419323476744,
            3.1387410690022413
        ],
        [
            1.8084079776017832,
            2.1812478038253715,
            4.699126840595504
        ],
        [
            2.4074257298487405,
            2.9369152513457335,
            6.247179160065426
        ],
        [
            3.0081623990227766,
            3.711412922987335,
            7.776545820989479
        ],
        [
            3.6152106078022532,
            4.504281829247579,
            9.279591504475553
        ],
        [
            4.2335317078716725,
            5.313733994000856,
            10.747741091407411
        ],
        [
            4.8672759462893875,
            6.137459839598757,
            12.172046766168329
        ],
        [
            5.518913956177579,
            6.973320886586706,
            13.54384500890859
        ],
        [
            6.188963371564703,
            7.8197430315813925,
            14.855363498196809
        ],
        [
            6.876337222983097,
            8.675670797101553,
            16.100185679811478
        ],
        [
            7.579100117095218,
            9.54000679900686,
            17.27354411335444
        ],
        [
            8.295288764118876,
            10.410588876860835,
            18.37246962524162
        ],
        [
            9.023472510388352,
            11.282921115659892,
            19.39582218076842
        ],
        [
            9.762865668038174,
            12.149029595666002,
            20.344188349177628
        ],
        [
            10.51299337758834,
            12.996865160522823,
            21.21956824355837
        ],
        [
            11.273091896376506,
            13.810597011837624,
            22.024737002224178
        ],
        [
            12.041526120793732,
            14.571939588072867,
            22.762191790915697
        ],
        [
            12.815490412413673,
            15.262367294282864,
            23.43273441544419
        ],
        [
            13.591143244832079,
            15.865759828971537,
            24.033979667800196
        ]
    ],
    "frequencies_unit": "millielectron_volt",
    "n_qpts": 41,