{
    "crystal": {
        "atom_mass": [
            15.999399974160482,
            15.999399974160482,
            15.999399974160482,
            15.999399974160482,
            15.999399974160482,
            15.999399974160482,
            28.08549995464106,
            28.08549995464106,
            28.08549995464106
        ],
        "atom_mass_unit": "unified_atomic_mass_unit",
        "atom_r": [
            [
                0.411708114524831,
                0.275681856821381,
                0.279407602909167
            ],
            [
                0.72431814317862,
                0.13602625770345,
                0.946074269575834
            ],
            [
                0.86397374229655,
                0.588291885475169,
                0.6127409362425
            ],
            [
                0.13602625770345,
                0.72431814317862,
                0.053925730424166
            ],
            [
                0.588291885475169,
                0.86397374229655,
                0.3872590637575
            ],
            [
                0.275681856821381,
                0.411708114524831,
                0.720592397090833
            ],
            [
                0.464960105504908,
                0.0,
                0.166666666666667
            ],
            [
                0.0,
                0.464960105504908,
                0.833333333333333
            ],
            [
                0.535039894495092,
                0.535039894495092,
                0.5
            ]
        ],
        "atom_type": [
            "O",
            "O",
            "O",
            "O",
            "O",
            "O",
            "Si",
            "Si",
            "Si"
        ],
        "cell_vectors": [
            [
                2.4261758809569254,
                -4.202259893915576,
                0.0
            ],
            [
                2.4261758809569254,
                4.202259893915576,
                0.0
            ],
            [
                0.0,
                0.0,
                5.350304514188389
            ]
        ],
        "cell_vectors_unit": "angstrom",
        "n_atoms": 9
    },
    "debye_waller": [
        [
            [
                0.007695997278919155,
                -0.001490690880024188,
                -0.0023751728794899943
            ],
            [
                -0.001490690880024188,
                0.004205007566333843,
                -0.0005448203626077082
            ],
            [
                -0.0023751728794899943,
                -0.0005448203626077082,
                0.005695704597149171
            ]
        ],
        [
            [
                0.003882169593179212,
                -0.0007505976276196159,
                0.001690418189764437
            ],
            [
                -0.0007505976276196159,
                0.00809153011910823,
                -0.0018164565591855275
            ],
            [
                0.001690418189764437,
                -0.0018164565591855275,
                0.005737737613060132
            ]
        ],
        [
            [
                0.006384006720570012,
                0.002225976215764703,
                0.0006971575314151452
            ],
            [
                0.002225976215764703,
                0.005480562726346899,
                0.002334856693497894
            ],
            [
                0.0006971575314151452,
                0.002334856693497894,
                0.005765061222191493
            ]
        ],
        [
            [
                0.0038821695930481427,
                0.0007505976277159206,
                -0.001690418190199576
            ],
            [
                0.0007505976277159206,
                0.00809153011898992,
                -0.0018164565588626848
            ],
            [
                -0.001690418190199576,
                -0.0018164565588626848,
                0.005737737612859473
            ]
        ],
        [
            [
                0.0063840067205133185,
                -0.002225976215639207,
                -0.0006971575321414517
            ],
            [
                -0.002225976215639207,
                0.005480562726377233,
                0.002334856693640432
            ],
            [
                -0.0006971575321414517,
                0.002334856693640432,
                0.005765061222433177
            ]
        ],
        [
            [
                0.007695997279307304,
                0.0014906908804041843,
                0.0023751728789519777
            ],
            [
                0.0014906908804041843,
                0.00420500756642967,
                -0.0005448203626174757
            ],
            [
                0.0023751728789519777,
                -0.0005448203626174757,
                0.005695704597070902
            ]
        ],
        [
            [
                0.0028340236686623596,
                -0.000523297800175601,
                -0.0001414047299108582
            ],
            [
                -0.000523297800175601,
                0.0033626914375376273,
                -0.00010012446086504673
            ],
            [
                -0.0001414047299108582,
                -0.00010012446086504673,
                0.002858884721290779
            ]
        ],
        [
            [
                0.002834023668828004,
                0.0005232978004698561,
                0.00014140472938366298
            ],
            [
                0.0005232978004698561,
                0.0033626914375973764,
                -0.00010012446087754613
            ],
            [
                0.00014140472938366298,
                -0.00010012446087754613,
                0.002858884721215557
            ]
        ],
        [
            [
                0.003686901910092099,
                8.44420172111512e-14,
                -2.829097525648606e-13
            ],
            [
                8.44420172111512e-14,
                0.0024503021518920715,
                0.00017254814134123425
            ],
            [
                -2.829097525648606e-13,
                0.00017254814134123425,
                0.0028543389453605647
            ]
        ]
    ],
    "debye_waller_unit": "angstrom ** 2",
    "temperature": 300.0,
    "temperature_unit": "kelvin"
}