{
    "crystal": {
        "atom_mass": [
            15.999399974160482,
            15.999399974160482,
            15.999399974160482,
            15.999399974160482,
            15.999399974160482,
            15.999399974160482,
            28.08549995464106,
            28.08549995464106,
            28.08549995464106
        ],
        "atom_mass_unit": "unified_atomic_mass_unit",
        "atom_r": [
            [
                0.411708114524831,
                0.275681856821381,
                0.279407602909167
            ],
            [
                0.72431814317862,
                0.13602625770345,
                0.946074269575834
            ],
            [
                0.86397374229655,
                0.588291885475169,
                0.6127409362425
            ],
            [
                0.13602625770345,
                0.72431814317862,
                0.053925730424166
            ],
            [
                0.588291885475169,
                0.86397374229655,
                0.3872590637575
            ],
            [
                0.275681856821381,
                0.411708114524831,
                0.720592397090833
            ],
            [
                0.464960105504908,
                0.0,
                0.166666666666667
            ],
            [
                0.0,
                0.464960105504908,
                0.833333333333333
            ],
            [
                0.535039894495092,
                0.535039894495092,
                0.5
            ]
        ],
        "atom_type": [
            "O",
            "O",
            "O",
            "O",
            "O",
            "O",
            "Si",
            "Si",
            "Si"
        ],
        "cell_vectors": [
            [
                2.4261758809569254,
                -4.202259893915576,
                0.0
            ],
            [
                2.4261758809569254,
                4.202259893915576,
                0.0
            ],
            [
                0.0,
                0.0,
                5.350304514188389
            ]
        ],
        "cell_vectors_unit": "angstrom",
        "n_atoms": 9
    },
    "debye_waller": [
        [
            [
                0.0033309724958765453,
                -0.0006089718198546833,
                -0.0009481419145066134
            ],
            [
                -0.0006089718198546833,
                0.0020180096496182926,
                -0.0003012933051945792
            ],
            [
                -0.0009481419145066134,
                -0.0003012933051945792,
                0.0025877674953148615
            ]
        ],
        [
            [
                0.0018506861397422066,
                -0.00025880195872768656,
                0.0007453342634734319
            ],
            [
                -0.00025880195872768656,
                0.0035225344846610673,
                -0.0006810845094840025
            ],
            [
                0.0007453342634734319,
                -0.0006810845094840025,
                0.002601845855733999
            ]
        ],
        [
            [
                0.002878732436975291,
                0.0008626726510539037,
                0.00020693119684871126
            ],
            [
                0.0008626726510539037,
                0.002458097321284998,
                0.000973580433793573
            ],
            [
                0.00020693119684871126,
                0.000973580433793573,
                0.0026109329963131243
            ]
        ],
        [
            [
                0.001850686139698503,
                0.0002588019587597867,
                -0.0007453342636184757
            ],
            [
                0.0002588019587597867,
                0.003522534484621619,
                -0.0006810845093763851
            ],
            [
                -0.0007453342636184757,
                -0.0006810845093763851,
                0.0026018458556670973
            ]
        ],
        [
            [
                0.00287873243695642,
                -0.0008626726510120677,
                -0.00020693119709082423
            ],
            [
                -0.0008626726510120677,
                0.0024580973212950962,
                0.0009735804338410799
            ],
            [
                -0.00020693119709082423,
                0.0009735804338410799,
                0.0026109329963936757
            ]
        ],
        [
            [
                0.0033309724960060056,
                0.00060897181998134,
                0.0009481419143272371
            ],
            [
                0.00060897181998134,
                0.0020180096496502415,
                -0.00030129330519785056
            ],
            [
                0.0009481419143272371,
                -0.00030129330519785056,
                0.00258776749528877
            ]
        ],
        [
            [
                0.0012923757373209778,
                -0.00018571880766585734,
                -5.049045868432365e-05
            ],
            [
                -0.00018571880766585734,
                0.0014815917865878346,
                -3.531161558381132e-05
            ],
            [
                -5.049045868432365e-05,
                -3.531161558381132e-05,
                0.0013036101741925204
            ]
        ],
        [
            [
                0.0012923757373762218,
                0.00018571880776394465,
                5.049045850859115e-05
            ],
            [
                0.00018571880776394465,
                0.0014815917866077583,
                -3.531161558797871e-05
            ],
            [
                5.049045850859115e-05,
                -3.531161558797871e-05,
                0.0013036101741674359
            ]
        ],
        [
            [
                0.00159618243710262,
                2.8145758324422602e-14,
                -9.432083361592769e-14
            ],
            [
                2.8145758324422602e-14,
                0.001157898615092577,
                6.136867453014548e-05
            ],
            [
                -9.432083361592769e-14,
                6.136867453014548e-05,
                0.0013020404894396598
            ]
        ]
    ],
    "debye_waller_unit": "angstrom ** 2",
    "temperature": 100.0,
    "temperature_unit": "kelvin"
}