{
    "crystal": {
        "atom_mass": [
            15.999399974160482,
            15.999399974160482,
            15.999399974160482,
            15.999399974160482,
            15.999399974160482,
            15.999399974160482,
            28.08549995464106,
            28.08549995464106,
            28.08549995464106
        ],
        "atom_mass_unit": "unified_atomic_mass_unit",
        "atom_r": [
            [
                0.411708114524831,
                0.275681856821381,
                0.279407602909167
            ],
            [
                0.72431814317862,
                0.13602625770345,
                0.946074269575834
            ],
            [
                0.86397374229655,
                0.588291885475169,
                0.6127409362425
            ],
            [
                0.13602625770345,
                0.72431814317862,
                0.053925730424166
            ],
            [
                0.588291885475169,
                0.86397374229655,
                0.3872590637575
            ],
            [
                0.275681856821381,
                0.411708114524831,
                0.720592397090833
            ],
            [
                0.464960105504908,
                0.0,
                0.166666666666667
            ],
            [
                0.0,
                0.464960105504908,
                0.833333333333333
            ],
            [
                0.535039894495092,
                0.535039894495092,
                0.5
            ]
        ],
        "atom_type": [
            "O",
            "O",
            "O",
            "O",
            "O",
            "O",
            "Si",
            "Si",
            "Si"
        ],
        "cell_vectors": [
            [
                2.4261758809569254,
                -4.202259893915576,
                0.0
            ],
            [
                2.4261758809569254,
                4.202259893915576,
                0.0
            ],
            [
                0.0,
                0.0,
                5.350304514188389
            ]
        ],
        "cell_vectors_unit": "angstrom",
        "n_atoms": 9
    },
    "debye_waller": [
        [
            [
                0.002256204917880101,
                -0.0004003557205012334,
                -0.0006349619388535956
            ],
            [
                -0.0004003557205012334,
                0.0014952220822106277,
                -0.0002821548757038818
            ],
            [
                -0.0006349619388535956,
                -0.0002821548757038818,
                0.0018505961978500423
            ]
        ],
        [
            [
                0.001342444577502515,
                -0.00012915634034184665,
                0.0005632979470302643
            ],
            [
                -0.00012915634034184665,
                0.002411481823061281,
                -0.0004097656314318452
            ],
            [
                0.0005632979470302643,
                -0.0004097656314318452,
                0.0018536944235539535
            ]
        ],
        [
            [
                0.0020320771800213288,
                0.0005288455643435865,
                7.234010406524762e-05
            ],
            [
                0.0005288455643435865,
                0.0017177742033722065,
                0.000691329079366182
            ],
            [
                7.234010406524762e-05,
                0.000691329079366182,
                0.0018541149599010105
            ]
        ],
        [
            [
                0.0013424445774942728,
                0.00012915634034375495,
                -0.0005632979470397536
            ],
            [
                0.00012915634034375495,
                0.0024114818230592666,
                -0.0004097656314175155
            ],
            [
                -0.0005632979470397536,
                -0.0004097656314175155,
                0.0018536944235483187
            ]
        ],
        [
            [
                0.0020320771800242205,
                -0.0005288455643421625,
                -7.23401040881869e-05
            ],
            [
                -0.0005288455643421625,
                0.0017177742033719818,
                0.00069132907937267
            ],
            [
                -7.23401040881869e-05,
                0.00069132907937267,
                0.001854114959910885
            ]
        ],
        [
            [
                0.0022562049179052474,
                0.00040035572051872907,
                0.0006349619388385894
            ],
            [
                0.00040035572051872907,
                0.0014952220822167538,
                -0.0002821548757050995
            ],
            [
                0.0006349619388385894,
                -0.0002821548757050995,
                0.0018505961978438354
            ]
        ],
        [
            [
                0.0008741826320467159,
                -9.705013593964264e-05,
                -2.2410090476377706e-05
            ],
            [
                -9.705013593964264e-05,
                0.0009834122402504236,
                -1.3524320032289726e-05
            ],
            [
                -2.2410090476377706e-05,
                -1.3524320032289726e-05,
                0.000896084001737791
            ]
        ],
        [
            [
                0.0008741826320560963,
                9.705013595135127e-05,
                2.241009046396238e-05
            ],
            [
                9.705013595135127e-05,
                0.0009834122402544007,
                -1.3524320033699814e-05
            ],
            [
                2.241009046396238e-05,
                -1.3524320033699814e-05,
                0.0008960840017344439
            ]
        ],
        [
            [
                0.001039582955183172,
                2.183824618115492e-15,
                -7.458036139926193e-15
            ],
            [
                2.183824618115492e-15,
                0.0008152183060401211,
                2.6134051370127174e-05
            ],
            [
                -7.458036139926193e-15,
                2.6134051370127174e-05,
                0.0008947682897206765
            ]
        ]
    ],
    "debye_waller_unit": "angstrom ** 2",
    "temperature": 5.0,
    "temperature_unit": "kelvin"
}