{
    "crystal": {
        "atom_mass": [
            15.999400000000001,
            15.999400000000001,
            15.999400000000001,
            15.999400000000001,
            15.999400000000001,
            15.999400000000001,
            28.085500000000003,
            28.085500000000003,
            28.085500000000003
        ],
        "atom_mass_unit": "unified_atomic_mass_unit",
        "atom_r": [
            [
                0.411708,
                0.275682,
                0.279408
            ],
            [
                0.724318,
                0.136026,
                0.946074
            ],
            [
                0.863974,
                0.588292,
                0.612741
            ],
            [
                0.136026,
                0.724318,
                0.053926
            ],
            [
                0.588292,
                0.863974,
                0.387259
            ],
            [
                0.275682,
                0.411708,
                0.720592
            ],
            [
                0.46496,
                0.0,
                0.166667
            ],
            [
                0.0,
                0.46496,
                0.833333
            ],
            [
                0.53504,
                0.53504,
                0.5
            ]
        ],
        "atom_type": [
            "O",
            "O",
            "O",
            "O",
            "O",
            "O",
            "Si",
            "Si",
            "Si"
        ],
        "cell_vectors": [
            [
                2.426176,
                -4.20226,
                0.0
            ],
            [
                2.426176,
                4.20226,
                0.0
            ],
            [
                0.0,
                0.0,
                5.350304
            ]
        ],
        "cell_vectors_unit": "angstrom",
        "n_atoms": 9
    },
    "debye_waller": [
        [
            [
                0.0033617290540173704,
                -0.0005769108424914019,
                -0.0009382664484716048
            ],
            [
                -0.0005769108424914019,
                0.002060427676762229,
                -0.00031769108471849653
            ],
            [
                -0.0009382664484716048,
                -0.00031769108471849653,
                0.00258767146428953
            ]
        ],
        [
            [
                0.0018514246960594626,
                -0.00025774550293122047,
                0.0007579657037345691
            ],
            [
                -0.00025774550293122047,
                0.0035004874838612562,
                -0.0006633124938492725
            ],
            [
                0.0007579657037345691,
                -0.0006633124938492725,
                0.002561764221117285
            ]
        ],
        [
            [
                0.0028496872139318033,
                0.0008535402724680449,
                0.0002432438790893283
            ],
            [
                0.0008535402724680449,
                0.0023649769061963484,
                0.000912931236328916
            ],
            [
                0.0002432438790893283,
                0.000912931236328916,
                0.0026113398432881197
            ]
        ],
        [
            [
                0.001849986972656914,
                0.0002598968602725735,
                -0.0007327097580891232
            ],
            [
                0.0002598968602725735,
                0.0035444749743567773,
                -0.0006989062950129966
            ],
            [
                -0.0007327097580891232,
                -0.0006989062950129966,
                0.0026419544142384167
            ]
        ],
        [
            [
                0.0029079263226782035,
                -0.0008718303066280102,
                -0.00017067653451655255
            ],
            [
                -0.0008718303066280102,
                0.0025511685290871993,
                0.001034262509861024
            ],
            [
                -0.00017067653451655255,
                0.001034262509861024,
                0.0026105771854545135
            ]
        ],
        [
            [
                0.003300229736256035,
                0.0006410154881861229,
                0.0009579147154065734
            ],
            [
                0.0006410154881861229,
                0.0019755417330156117,
                -0.00028494829655625577
            ],
            [
                0.0009579147154065734,
                -0.00028494829655625577,
                0.0025877832696210063
            ]
        ],
        [
            [
                0.0012978972852978178,
                -0.00017341836787032204,
                -2.2469010227754246e-05
            ],
            [
                -0.00017341836787032204,
                0.0015025654256618345,
                -1.7444038851238495e-05
            ],
            [
                -2.2469010227754246e-05,
                -1.7444038851238495e-05,
                0.0012924727385785055
            ]
        ],
        [
            [
                0.001286888574105026,
                0.00019802500753539448,
                7.85129679867722e-05
            ],
            [
                0.00019802500753539448,
                0.0014605708160983098,
                -5.3187608955118384e-05
            ],
            [
                7.85129679867722e-05,
                -5.3187608955118384e-05,
                0.0013147360412933261
            ]
        ],
        [
            [
                0.0015962030282028268,
                1.3657457081135978e-05,
                3.291732700249393e-05
            ],
            [
                1.3657457081135978e-05,
                0.0011578891829583503,
                6.136360303683141e-05
            ],
            [
                3.291732700249393e-05,
                6.136360303683141e-05,
                0.0013020505667029729
            ]
        ]
    ],
    "debye_waller_unit": "angstrom ** 2",
    "temperature": 100.0,
    "temperature_unit": "kelvin"
}