{
    "crystal": {
        "atom_mass": [
            15.999400000000001,
            15.999400000000001,
            15.999400000000001,
            15.999400000000001,
            15.999400000000001,
            15.999400000000001,
            28.085500000000003,
            28.085500000000003,
            28.085500000000003
        ],
        "atom_mass_unit": "unified_atomic_mass_unit",
        "atom_r": [
            [
                0.411708,
                0.275682,
                0.279408
            ],
            [
                0.724318,
                0.136026,
                0.946074
            ],
            [
                0.863974,
                0.588292,
                0.612741
            ],
            [
                0.136026,
                0.724318,
                0.053926
            ],
            [
                0.588292,
                0.863974,
                0.387259
            ],
            [
                0.275682,
                0.411708,
                0.720592
            ],
            [
                0.46496,
                0.0,
                0.166667
            ],
            [
                0.0,
                0.46496,
                0.833333
            ],
            [
                0.53504,
                0.53504,
                0.5
            ]
        ],
        "atom_type": [
            "O",
            "O",
            "O",
            "O",
            "O",
            "O",
            "Si",
            "Si",
            "Si"
        ],
        "cell_vectors": [
            [
                2.426176,
                -4.20226,
                0.0
            ],
            [
                2.426176,
                4.20226,
                0.0
            ],
            [
                0.0,
                0.0,
                5.350304
            ]
        ],
        "cell_vectors_unit": "angstrom",
        "n_atoms": 9
    },
    "debye_waller": [
        [
            [
                0.007787722869458115,
                -0.0013977052320875772,
                -0.002344194245522137
            ],
            [
                -0.0013977052320875772,
                0.004329602692065634,
                -0.0005928629259324598
            ],
            [
                -0.002344194245522137,
                -0.0005928629259324598,
                0.005694723691694911
            ]
        ],
        [
            [
                0.0038843699862099236,
                -0.0007479576270485424,
                0.0017279526338342154
            ],
            [
                -0.0007479576270485424,
                0.008025817973237146,
                -0.0017635741300005123
            ],
            [
                0.0017279526338342154,
                -0.0017635741300005123,
                0.005617902991916095
            ]
        ],
        [
            [
                0.006297045806987113,
                0.0021963105614470134,
                0.0008056455145558745
            ],
            [
                0.0021963105614470134,
                0.005205015025629165,
                0.002155236773155689
            ],
            [
                0.0008056455145558745,
                0.002155236773155689,
                0.005766840656686571
            ]
        ],
        [
            [
                0.003880088412220119,
                0.00075334960529519,
                -0.0016529050862969146
            ],
            [
                0.00075334960529519,
                0.008156931443909778,
                -0.0018694868954134138
            ],
            [
                -0.0016529050862969146,
                -0.0018694868954134138,
                0.005857652039640379
            ]
        ],
        [
            [
                0.006471392409540136,
                -0.002255716363554929,
                -0.0005888418276445431
            ],
            [
                -0.002255716363554929,
                0.0057559681357824705,
                0.0025145738472796197
            ],
            [
                -0.0005888418276445431,
                0.0025145738472796197,
                0.005763432941841114
            ]
        ],
        [
            [
                0.007604311688958829,
                0.0015836317699194765,
                0.0024058465669545706
            ],
            [
                0.0015836317699194765,
                0.0040802703402398775,
                -0.000496934114239895
            ],
            [
                0.0024058465669545706,
                -0.000496934114239895,
                0.005696447663977088
            ]
        ],
        [
            [
                0.0028498261056682027,
                -0.00048798052497943064,
                -5.788365291461258e-05
            ],
            [
                -0.00048798052497943064,
                0.003424046996090332,
                -4.68580301689058e-05
            ],
            [
                -5.788365291461258e-05,
                -4.68580301689058e-05,
                0.002826516531369943
            ]
        ],
        [
            [
                0.002818323770545914,
                0.0005586312103511198,
                0.00022492824006418665
            ],
            [
                0.0005586312103511198,
                0.0033011939978423027,
                -0.00015341601513945338
            ],
            [
                0.00022492824006418665,
                -0.00015341601513945338,
                0.002891219031973119
            ]
        ],
        [
            [
                0.0036869647470756934,
                3.859295579812359e-05,
                9.849178088773853e-05
            ],
            [
                3.859295579812359e-05,
                0.002450273300242978,
                0.00017253363915327238
            ],
            [
                9.849178088773853e-05,
                0.00017253363915327238,
                0.00285436835482353
            ]
        ]
    ],
    "debye_waller_unit": "angstrom ** 2",
    "temperature": 300.0,
    "temperature_unit": "kelvin"
}