{
    "crystal": {
        "atom_mass": [
            15.999400000000001,
            15.999400000000001,
            15.999400000000001,
            15.999400000000001,
            15.999400000000001,
            15.999400000000001,
            28.085500000000003,
            28.085500000000003,
            28.085500000000003
        ],
        "atom_mass_unit": "unified_atomic_mass_unit",
        "atom_r": [
            [
                0.411708,
                0.275682,
                0.279408
            ],
            [
                0.724318,
                0.136026,
                0.946074
            ],
            [
                0.863974,
                0.588292,
                0.612741
            ],
            [
                0.136026,
                0.724318,
                0.053926
            ],
            [
                0.588292,
                0.863974,
                0.387259
            ],
            [
                0.275682,
                0.411708,
                0.720592
            ],
            [
                0.46496,
                0.0,
                0.166667
            ],
            [
                0.0,
                0.46496,
                0.833333
            ],
            [
                0.53504,
                0.53504,
                0.5
            ]
        ],
        "atom_type": [
            "O",
            "O",
            "O",
            "O",
            "O",
            "O",
            "Si",
            "Si",
            "Si"
        ],
        "cell_vectors": [
            [
                2.426176,
                -4.20226,
                0.0
            ],
            [
                2.426176,
                4.20226,
                0.0
            ],
            [
                0.0,
                0.0,
                5.350304
            ]
        ],
        "cell_vectors_unit": "angstrom",
        "n_atoms": 9
    },
    "debye_waller": [
        [
            [
                0.002269703369175298,
                -0.000382957693636513,
                -0.0006386727517373338
            ],
            [
                -0.000382957693636513,
                0.0015120083576433414,
                -0.0002900189569457136
            ],
            [
                -0.0006386727517373338,
                -0.0002900189569457136,
                0.0018534347967200282
            ]
        ],
        [
            [
                0.0013422828787696623,
                -0.00012828498047425614,
                0.0005670659667868383
            ],
            [
                -0.00012828498047425614,
                0.002403210650301687,
                -0.00040285560905820543
            ],
            [
                0.0005670659667868383,
                -0.00040285560905820543,
                0.0018419655576849521
            ]
        ],
        [
            [
                0.0020209825989004255,
                0.0005286866150184806,
                8.25628598238692e-05
            ],
            [
                0.0005286866150184806,
                0.0016796524420205057,
                0.000666276929776686
            ],
            [
                8.25628598238692e-05,
                0.000666276929776686,
                0.0018523499079932675
            ]
        ],
        [
            [
                0.0013426141151176819,
                0.00013004369061979666,
                -0.0005595320874590916
            ],
            [
                0.00013004369061979666,
                0.0024197168117021575,
                -0.00041669099542886536
            ],
            [
                -0.0005595320874590916,
                -0.00041669099542886536,
                0.0018654317985514798
            ]
        ],
        [
            [
                0.002043236397151869,
                -0.000529014293776188,
                -6.213748183790587e-05
            ],
            [
                -0.000529014293776188,
                0.0017558781305724793,
                0.00071639142973554
            ],
            [
                -6.213748183790587e-05,
                0.00071639142973554,
                0.0018558965466071563
            ]
        ],
        [
            [
                0.002242706449122555,
                0.00041774001074447475,
                0.0006312181012941065
            ],
            [
                0.00041774001074447475,
                0.001478416841854387,
                -0.0002743089004600778
            ],
            [
                0.0006312181012941065,
                -0.0002743089004600778,
                0.0018477324636787668
            ]
        ],
        [
            [
                0.0008777013446482318,
                -9.141587256291171e-05,
                -1.4104010396341578e-05
            ],
            [
                -9.141587256291171e-05,
                0.000992326043198217,
                -7.007203799264933e-06
            ],
            [
                -1.4104010396341578e-05,
                -7.007203799264933e-06,
                0.0008919433016120746
            ]
        ],
        [
            [
                0.0008706707190996131,
                0.00010268680363114344,
                3.071778020957176e-05
            ],
            [
                0.00010268680363114344,
                0.0009744876764280102,
                -2.004352513511902e-05
            ],
            [
                3.071778020957176e-05,
                -2.004352513511902e-05,
                0.0009002198995371655
            ]
        ],
        [
            [
                0.0010395870878651204,
                7.966058018059291e-06,
                8.281846601917035e-06
            ],
            [
                7.966058018059291e-06,
                0.0008152178922673886,
                2.6131618592388272e-05
            ],
            [
                8.281846601917035e-06,
                2.6131618592388272e-05,
                0.0008947729837889539
            ]
        ]
    ],
    "debye_waller_unit": "angstrom ** 2",
    "temperature": 5.0,
    "temperature_unit": "kelvin"
}