{
    "crystal": {
        "atom_mass": [
            15.999399987607514,
            15.999399987607514,
            15.999399987607514,
            15.999399987607514,
            15.999399987607514,
            15.999399987607514,
            15.999399987607514,
            15.999399987607514,
            15.999399987607514,
            15.999399987607514,
            15.999399987607514,
            15.999399987607514,
            15.999399987607514,
            15.999399987607514,
            91.2239999293416,
            91.2239999293416,
            91.2239999293416,
            91.2239999293416,
            138.90549989240947,
            138.90549989240947,
            138.90549989240947,
            138.90549989240947
        ],
        "atom_mass_unit": "unified_atomic_mass_unit",
        "atom_r": [
            [
                0.125,
                0.125,
                0.125
            ],
            [
                0.875,
                0.875,
                0.875
            ],
            [
                0.418619427458359,
                0.418619427458359,
                0.831380572541641
            ],
            [
                0.831380572541641,
                0.831380572541641,
                0.418619427458359
            ],
            [
                0.418619427458359,
                0.831380572541641,
                0.418619427458359
            ],
            [
                0.831380572541641,
                0.418619427458359,
                0.831380572541641
            ],
            [
                0.831380572541641,
                0.418619427458359,
                0.418619427458359
            ],
            [
                0.418619427458359,
                0.831380572541641,
                0.831380572541641
            ],
            [
                0.168619427458359,
                0.581380572541641,
                0.168619427458359
            ],
            [
                0.581380572541641,
                0.168619427458359,
                0.581380572541641
            ],
            [
                0.168619427458359,
                0.168619427458359,
                0.581380572541641
            ],
            [
                0.581380572541641,
                0.581380572541641,
                0.168619427458359
            ],
            [
                0.168619427458359,
                0.581380572541641,
                0.581380572541641
            ],
            [
                0.581380572541641,
                0.168619427458359,
                0.168619427458359
            ],
            [
                0.5,
                0.5,
                0.5
            ],
            [
                0.0,
                0.5,
                0.5
            ],
            [
                0.5,
                0.0,
                0.5
            ],
            [
                0.5,
                0.5,
                0.0
            ],
            [
                0.0,
                0.0,
                0.0
            ],
            [
                0.5,
                0.0,
                0.0
            ],
            [
                0.0,
                0.5,
                0.0
            ],
            [
                0.0,
                0.0,
                0.5
            ]
        ],
        "atom_type": [
            "O",
            "O",
            "O",
            "O",
            "O",
            "O",
            "O",
            "O",
            "O",
            "O",
            "O",
            "O",
            "O",
            "O",
            "Zr",
            "Zr",
            "Zr",
            "Zr",
            "La",
            "La",
            "La",
            "La"
        ],
        "cell_vectors": [
            [
                7.583912824349999,
                1.8412792137035698e-32,
                0.0
            ],
            [
                3.791956412170034,
                3.791956412170034,
                5.362636186024768
            ],
            [
                3.791956412170034,
                -3.791956412170034,
                5.362636186024768
            ]
        ],
        "cell_vectors_unit": "angstrom",
        "n_atoms": 22
    },