{
    "crystal": {
        "atom_mass": [
            15.999400000000001,
            15.999400000000001,
            15.999400000000001,
            15.999400000000001,
            15.999400000000001,
            15.999400000000001,
            15.999400000000001,
            15.999400000000001,
            15.999400000000001,
            15.999400000000001,
            15.999400000000001,
            15.999400000000001,
            15.999400000000001,
            15.999400000000001,
            91.22400000000002,
            91.22400000000002,
            91.22400000000002,
            91.22400000000002,
            138.9055,
            138.9055,
            138.9055,
            138.9055
        ],
        "atom_mass_unit": "unified_atomic_mass_unit",
        "atom_r": [
            [
                0.125,
                0.125,
                0.125
            ],
            [
                0.875,
                0.875,
                0.875
            ],
            [
                0.418619,
                0.418619,
                0.831381
            ],
            [
                0.831381,
                0.831381,
                0.418619
            ],
            [
                0.418619,
                0.831381,
                0.418619
            ],
            [
                0.831381,
                0.418619,
                0.831381
            ],
            [
                0.831381,
                0.418619,
                0.418619
            ],
            [
                0.418619,
                0.831381,
                0.831381
            ],
            [
                0.168619,
                0.581381,
                0.168619
            ],
            [
                0.581381,
                0.168619,
                0.581381
            ],
            [
                0.168619,
                0.168619,
                0.581381
            ],
            [
                0.581381,
                0.581381,
                0.168619
            ],
            [
                0.168619,
                0.581381,
                0.581381
            ],
            [
                0.581381,
                0.168619,
                0.168619
            ],
            [
                0.5,
                0.5,
                0.5
            ],
            [
                0.0,
                0.5,
                0.5
            ],
            [
                0.5,
                0.0,
                0.5
            ],
            [
                0.5,
                0.5,
                0.0
            ],
            [
                0.0,
                0.0,
                0.0
            ],
            [
                0.5,
                0.0,
                0.0
            ],
            [
                0.0,
                0.5,
                0.0
            ],
            [
                0.0,
                0.0,
                0.5
            ]
        ],
        "atom_type": [
            "O",
            "O",
            "O",
            "O",
            "O",
            "O",
            "O",
            "O",
            "O",
            "O",
            "O",
            "O",
            "O",
            "O",
            "Zr",
            "Zr",
            "Zr",
            "Zr",
            "La",
            "La",
            "La",
            "La"
        ],
        "cell_vectors": [
            [
                7.583913,
                0.0,
                0.0
            ],
            [
                3.791956,
                3.791956,
                5.362636
            ],
            [
                3.791956,
                -3.791956,
                5.362636
            ]
        ],
        "cell_vectors_unit": "angstrom",
        "n_atoms": 22
    },
    "debye_waller": [
        [
            [
                0.0022758723084389215,
                1.042180248621268e-05,
                4.404050554875094e-05
            ],
            [
                1.042180248621268e-05,
                0.0024232175988276343,
                -2.428838498284641e-06
            ],
            [
                4.404050554875094e-05,
                -2.428838498284641e-06,
                0.002232752058098107
            ]
        ],
        [
            [
                0.002275872308438279,
                1.0421802486762623e-05,
                4.404050554832301e-05
            ],
            [
                1.0421802486762623e-05,
                0.002423217598827814,
                -2.428838499351275e-06
            ],
            [
                4.404050554832301e-05,
                -2.428838499351275e-06,
                0.0022327520580992903
            ]
        ],
        [
            [
                0.0032650696647343143,
                0.0004663886963171301,
                -0.0008158758155602571
            ],
            [
                0.0004663886963171301,
                0.0032553256244266028,
                0.0007982218082111189
            ],
            [
                -0.0008158758155602571,
                0.0007982218082111189,
                0.0027635286533838825
            ]
        ],
        [
            [
                0.0032704243704974123,
                0.0004792605290215924,
                0.0008401589843297039
            ],
            [
                0.0004792605290215924,
                0.0032677475250876215,
                -0.0008435748256124682
            ],
            [
                0.0008401589843297039,
                -0.0008435748256124682,
                0.0027591508458224175
            ]
        ],
        [
            [
                0.0032757866807321782,
                -0.0004466751539473603,
                -0.0008204277827927944
            ],
            [
                -0.0004466751539473603,
                0.003261446796800276,
                -0.0008030423926356772
            ],
            [
                -0.0008204277827927944,
                -0.0008030423926356772,
                0.0027621441194574416
            ]
        ],
        [
            [
                0.003273222515971342,
                -0.00045678894314871686,
                0.0008414647094931498
            ],
            [
                -0.00045678894314871686,
                0.003273216346077754,
                0.0008433514095521673
            ],
            [
                0.0008414647094931498,
                0.0008433514095521673,
                0.0027618346759077845
            ]
        ],
        [
            [
                0.0016131161235734598,
                1.3874704262250793e-05,
                -5.874433363967735e-06
            ],
            [
                1.3874704262250793e-05,
                0.003968800636232782,
                1.5297696120712285e-06
            ],
            [
                -5.874433363967735e-06,
                1.5297696120712285e-06,
                0.0036809214171102896
            ]
        ],
        [
            [
                0.0038634512265976247,
                1.3222569532268377e-05,
                -1.3821425168543398e-05
            ],
            [
                1.3222569532268377e-05,
                0.0017361940097327347,
                -1.2215818120009338e-06
            ],
            [
                -1.3821425168543398e-05,
                -1.2215818120009338e-06,
                0.0036431091265897234
            ]
        ],
        [
            [
                0.0032732225159713855,
                -0.00045678894314877936,
                0.0008414647094934908
            ],
            [
                -0.00045678894314877936,
                0.00327321634607949,
                0.0008433514095526184
            ],
            [
                0.0008414647094934908,
                0.0008433514095526184,
                0.002761834675907766
            ]
        ],
        [
            [
