{
    "crystal": {
        "atom_mass": [
            15.999400000000001,
            15.999400000000001,
            15.999400000000001,
            15.999400000000001,
            15.999400000000001,
            15.999400000000001,
            15.999400000000001,
            15.999400000000001,
            15.999400000000001,
            15.999400000000001,
            15.999400000000001,
            15.999400000000001,
            15.999400000000001,
            15.999400000000001,
            91.22400000000002,
            91.22400000000002,
            91.22400000000002,
            91.22400000000002,
            138.9055,
            138.9055,
            138.9055,
            138.9055
        ],
        "atom_mass_unit": "unified_atomic_mass_unit",
        "atom_r": [
            [
                0.125,
                0.125,
                0.125
            ],
            [
                0.875,
                0.875,
                0.875
            ],
            [
                0.418619,
                0.418619,
                0.831381
            ],
            [
                0.831381,
                0.831381,
                0.418619
            ],
            [
                0.418619,
                0.831381,
                0.418619
            ],
            [
                0.831381,
                0.418619,
                0.831381
            ],
            [
                0.831381,
                0.418619,
                0.418619
            ],
            [
                0.418619,
                0.831381,
                0.831381
            ],
            [
                0.168619,
                0.581381,
                0.168619
            ],
            [
                0.581381,
                0.168619,
                0.581381
            ],
            [
                0.168619,
                0.168619,
                0.581381
            ],
            [
                0.581381,
                0.581381,
                0.168619
            ],
            [
                0.168619,
                0.581381,
                0.581381
            ],
            [
                0.581381,
                0.168619,
                0.168619
            ],
            [
                0.5,
                0.5,
                0.5
            ],
            [
                0.0,
                0.5,
                0.5
            ],
            [
                0.5,
                0.0,
                0.5
            ],
            [
                0.5,
                0.5,
                0.0
            ],
            [
                0.0,
                0.0,
                0.0
            ],
            [
                0.5,
                0.0,
                0.0
            ],
            [
                0.0,
                0.5,
                0.0
            ],
            [
                0.0,
                0.0,
                0.5
            ]
        ],
        "atom_type": [
            "O",
            "O",
            "O",
            "O",
            "O",
            "O",
            "O",
            "O",
            "O",
            "O",
            "O",
            "O",
            "O",
            "O",
            "Zr",
            "Zr",
            "Zr",
            "Zr",
            "La",
            "La",
            "La",
            "La"
        ],
        "cell_vectors": [
            [
                7.583913,
                0.0,
                0.0
            ],
            [
                3.791956,
                3.791956,
                5.362636
            ],
            [
                3.791956,
                -3.791956,
                5.362636
            ]
        ],
        "cell_vectors_unit": "angstrom",
        "n_atoms": 22
    },
    "debye_waller": [
        [
            [
                0.0013228715828368337,
                9.610579395974208e-07,
                7.341001742327008e-06
            ],
            [
                9.610579395974208e-07,
                0.0013442294574847991,
                -3.886149649644286e-07
            ],
            [
                7.341001742327008e-06,
                -3.886149649644286e-07,
                0.0013162473829241765
            ]
        ],
        [
            [
                0.0013228715828366897,
                9.61057939712362e-07,
                7.341001742407636e-06
            ],
            [
                9.61057939712362e-07,
                0.0013442294574849533,
                -3.8861496524756e-07
            ],
            [
                7.341001742407636e-06,
                -3.8861496524756e-07,
                0.001316247382924643
            ]
        ],
        [
            [
                0.0016945508937579116,
                0.00018366386007923418,
                -0.00032245651256165365
            ],
            [
                0.00018366386007923418,
                0.0016925605294635375,
                0.00032089903552054406
            ],
            [
                -0.00032245651256165365,
                0.00032089903552054406,
                0.001506273181560599
            ]
        ],
        [
            [
                0.0016959743797096056,
                0.0001833425485027901,
                0.0003294507401154875
            ],
            [
                0.0001833425485027901,
                0.0016947262522718834,
                -0.00032959564260951125
            ],
            [
                0.0003294507401154875,
                -0.00032959564260951125,
                0.001508335869405718
            ]
        ],
        [
            [
                0.0016960890374035321,
                -0.0001813304734318175,
                -0.00032318709642181135
            ],
            [
                -0.0001813304734318175,
                0.00169373261794427,
                -0.0003216948694895494
            ],
            [
                -0.00032318709642181135,
                -0.0003216948694895494,
                0.0015063326584713688
            ]
        ],
        [
            [
                0.0016967031194971597,
                -0.00018087836731914606,
                0.0003294849442819307
            ],
            [
                -0.00018087836731914606,
                0.0016956943512866846,
                0.00032946123133637033
            ],
            [
                0.0003294849442819307,
                0.00032946123133637033,
                0.0015086310044304327
            ]
        ],
        [
            [
                0.001050388740953032,
                1.7526307934124034e-06,
                -4.029477759970576e-07
            ],
            [
                1.7526307934124034e-06,
                0.001975519117502927,
                1.074231606509424e-07
            ],
            [
                -4.029477759970576e-07,
                1.074231606509424e-07,
                0.0018671767982907847
            ]
        ],
        [
            [
                0.0019498334912214385,
                1.5964180002497055e-06,
                -1.1469772928710866e-06
            ],
            [
                1.5964180002497055e-06,
                0.001067924765872722,
                -1.3599428659158258e-07
            ],
            [
                -1.1469772928710866e-06,
                -1.3599428659158258e-07,
                0.0018648367705239523
            ]
        ],
        [
            [
                0.0016967031194971983,
                -0.00018087836731937035,
                0.00032948494428184456
            ],
            [
                -0.00018087836731937035,
                0.0016956943512871788,
                0.00032946123133651534
            ],
            [
                0.00032948494428184456,
                0.00032946123133651534,
                0.001508631004430208
            ]
        ],
        [
            [
