{
    "crystal": {
        "atom_mass": [
            92.90637997879716
        ],
        "atom_mass_unit": "unified_atomic_mass_unit",
        "atom_r": [
            [
                0.0,
                0.0,
                0.0
            ]
        ],
        "atom_type": [
            "Nb"
        ],
        "cell_vectors": [
            [
                -1.6299000010476428,
                1.6299000010476428,
                1.6299000010476428
            ],
            [
                1.6299000010476428,
                -1.6299000010476428,
                1.6299000010476428
            ],
            [
                1.6299000010476428,
                1.6299000010476428,
                -1.6299000010476428
            ]
        ],
        "cell_vectors_unit": "angstrom",
        "n_atoms": 1
    },
    "frequencies": [
        [
            7.096794156961725,
            10.307799436734244,
            16.18177413393387
        ],
        [
            6.646848522863214,
            9.777259454529224,
            15.541495463723539
        ],
        [
            6.205759571540795,
            9.243658910282283,
            14.875037796689083
        ],
        [
            5.772594202044816,
            8.708618272428101,
            14.18372205398197
        ],
        [
            5.346781986659295,
            8.173537659399138,
            13.468983563702666
        ],
        [
            4.928159515577624,
            7.639587916145468,
            12.732320838570397
        ],
        [
            4.516979703638655,
            7.107711481531109,
            11.975250488084818
        ],
        [
            4.113886563690839,
            6.578631480053558,
            11.199271075413312
        ],
        [
            3.719857573302792,
            6.05286708346841,
            10.4058377843081
        ],
        [
            3.3361168842703393,
            5.530753023270846,
            9.596348676879103
        ],
        [
            2.9640233873142523,
            5.012461196604616,
            8.772142200192738
        ],
        [
            2.6049382852972784,
            4.498022569944777,
            7.9345045487348145
        ],
        [
            2.260077655856135,
            3.9873479954755617,
            7.084684617728277
        ],
        [
            1.9303568405457816,
            3.480247046075353,
            6.223913679122135
        ],
        [
            1.6162356806475806,
            2.9764444719924845,
            5.353426638514372
        ],
        [
            1.3175767259281428,
            2.475594317439449,
            4.474481810217779
        ],
        [
            1.0335322033954335,
            1.9772920567674561,
            3.588376560981484
        ],
        [
            0.7624786092381525,
            1.4810852896650801,
            2.696456864099999
        ],
        [
            0.502018250199353,
            0.9864835715932484,
            1.8001196880186432
        ],
        [
            0.24906245890222084,
            0.4929678728894962,
            0.900808111534235
        ],
        [
            -6.612213469490455e-06,
            -4.675562531678489e-06,
            -1.322979261308331e-08
        ],
        [
            0.24906245890222084,
            0.4929678728894962,
            0.900808111534235
        ],
        [
            0.502018250199353,
            0.9864835715932484,
            1.8001196880186432
        ],
        [
            0.7624786092381525,
            1.4810852896650801,
            2.696456864099999
        ],
        [
            1.0335322033954335,
            1.9772920567674561,
            3.588376560981484
        ],
        [
            1.3175767259281428,
            2.475594317439449,
            4.474481810217779
        ],
        [
            1.6162356806475806,
            2.9764444719924845,
            5.353426638514372
        ],
        [
            1.9303568405457854,
            3.4802470460753545,
            6.223913679122136
        ],
        [
            2.2600776558561537,
            3.987347995475563,
            7.084684617728277
        ],
        [
            2.6049382852972625,
            4.49802256994478,
            7.934504548734819
        ],
        [
            2.9640233873142403,
            5.012461196604618,
            8.772142200192738
        ],
        [
            3.336116884270358,
            5.530753023270841,
            9.5963486768791
        ],
        [
            3.7198575733028036,
            6.052867083468419,
            10.405837784308096
        ],
        [
            4.113886563690834,
            6.578631480053559,
            11.199271075413316
        ],
        [
            4.51697970363866,
            7.10771148153112,
            11.975250488084823
        ],
        [
            4.92815951557763,
            7.639587916145468,
            12.732320838570406
        ],
        [
            5.346781986659297,
            8.17353765939913,
            13.46898356370266
        ],
        [
            5.772594202044829,
            8.70861827242809,
            14.183722053981965
        ],
        [
            6.2057595715408045,
            9.243658910282289,
            14.875037796689085
        ],
        [
            6.646848522863214,
            9.777259454529224,
            15.541495463723539
        ],
        [
            7.096794156961725,
            10.307799436734244,
            16.18177413393387
        ]
    ],
    "frequencies_unit": "millielectron_volt",
    "n_qpts": 41,