{
    "crystal": {
        "atom_mass": [
            92.90638000000001
        ],
        "atom_mass_unit": "unified_atomic_mass_unit",
        "atom_r": [
            [
                0.0,
                0.0,
                0.0
            ]
        ],
        "atom_type": [
            "Nb"
        ],
        "cell_vectors": [
            [
                -1.6299000000000001,
                1.6299000000000001,
                1.6299000000000001
            ],
            [
                1.6299000000000001,
                -1.6299000000000001,
                1.6299000000000001
            ],
            [
                1.6299000000000001,
                1.6299000000000001,
                -1.6299000000000001
            ]
        ],
        "cell_vectors_unit": "angstrom",
        "n_atoms": 1
    },
    "frequencies": [
        [
            7.096793898169765,
            10.307799281212997,
            16.181773977527243
        ],
        [
            6.6468482989405695,
            9.77725924160268,
            15.541495399899496
        ],
        [
            6.205759262958051,
            9.243658776038238,
            14.875037682756783
        ],
        [
            5.7725939331132015,
            8.708618110024796,
            14.183722001717609
        ],
        [
            5.346781734124829,
            8.17353739711526,
            13.468983473878822
        ],
        [
            4.928159130835201,
            7.6395876680638315,
            12.732320696246898
        ],
        [
            4.516979298977518,
            7.107711202778602,
            11.975250367521262
        ],
        [
            4.113886212478443,
            6.578631201089035,
            11.199270960724187
        ],
        [
            3.7198571147900252,
            6.0528667848339675,
            10.405837678392677
        ],
        [
            3.336116349871792,
            5.530752711349171,
            9.596348566348265
        ],
        [
            2.9640227845385723,
            5.012460822733674,
            8.772142034013038
        ],
        [
            2.6049376413049643,
            4.498022239021281,
            7.934504293461542
        ],
        [
            2.260076957189201,
            3.987347567604924,
            7.084684361508794
        ],
        [
            1.9303559835441144,
            3.4802466167242043,
            6.223913401245237
        ],
        [
            1.6162347017458938,
            2.976443893490206,
            5.353426295287261
        ],
        [
            1.317575489334278,
            2.475593605973497,
            4.474481483248968
        ],
        [
            1.03353054236038,
            1.9772911937345903,
            3.5883760878143627
        ],
        [
            0.7624764117299158,
            1.4810841144492042,
            2.696456205425836
        ],
        [
            0.5020149950767906,
            0.986481886628338,
            1.8001187660471343
        ],
        [
            0.24905586227085824,
            0.4929645205437623,
            0.9008063258270279
        ],
        [
            -0.0018190961594119152,
            -0.0018190961594119152,
            -0.0018190961594119152
        ],
        [
            0.24905586227085824,
            0.4929645205437623,
            0.9008063258270279
        ],
        [
            0.5020149950767906,
            0.986481886628338,
            1.8001187660471343
        ],
        [
            0.7624764117299158,
            1.4810841144492042,
            2.696456205425836
        ],
        [
            1.03353054236038,
            1.9772911937345903,
            3.5883760878143627
        ],
        [
            1.317575489334278,
            2.475593605973497,
            4.474481483248968
        ],
        [
            1.6162347017458938,
            2.976443893490206,
            5.353426295287261
        ],
        [
            1.9303559835441144,
            3.4802466167242043,
            6.223913401245237
        ],
        [
            2.260076957189201,
            3.987347567604924,
            7.084684361508794
        ],
        [
            2.6049376413049643,
            4.498022239021281,
            7.934504293461542
        ],
        [
            2.9640227845385723,
            5.012460822733674,
            8.772142034013038
        ],
        [
            3.336116349871792,
            5.530752711349171,
            9.596348566348265
        ],
        [
            3.7198571147900252,
            6.0528667848339675,
            10.405837678392677
        ],
        [
            4.113886212478443,
            6.578631201089035,
            11.199270960724187
        ],
        [
            4.516979298977518,
            7.107711202778602,
            11.975250367521262
        ],
        [
            4.928159130835201,
            7.6395876680638315,
            12.732320696246898
        ],
        [
            5.346781734124829,
            8.17353739711526,
            13.468983473878822
        ],
        [
            5.7725939331132015,
            8.708618110024796,
            14.183722001717609
        ],
        [
            6.205759262958051,
            9.243658776038238,
            14.875037682756783
        ],
        [
            6.6468482989405695,
            9.77725924160268,
            15.541495399899496
        ],
        [
            7.096793898169765,
            10.307799281212997,
            16.181773977527243
        ]
    ],
    "frequencies_unit": "millielectron_volt",
    "n_qpts": 41,